Word,Definition,Type,Note
abase,,,
abate,,,abated
abject,,,abjects
abode,,,
acquit,,,
accord,,,
Achor,,name,
adamant,,,
addicted,,,
adjure,,,
admonish,,,
ado,,,
advertise,,,
affinity,,,
afford,,,affording
affright,,,
afoot,,,
afore,,,
afresh,,,
agone,,,
ague,,,
alamoth,,,
Aholah,,name,
Aholibah,,name,
all to,,,
alleluia,,,
alms,,,
albeit,,,
almsdeed,,,
almug,,,
amazement,,,
ambassage,,,
ambushment,,,
amiss,,,
amiable,,,
aloof,,,
alway,,,
amerce,,,
Anathema Maranatha,,,might split up into two words
angle,,,
anise,,,
anon,,,
apace,,,
apparel,,,
appertain,,,
Ariel,,name,
apothecary,,,
apprehend,,,
array,,,
art,,,thou art
artificier,,,
asp,,name,
ashamed,,,
assent,,,
assay,,,
astonied,,,
asunder,,,
attain,,,
attent,,,
augment,,,
austere,,,
aught,,,
aul,,,
averse,,,
avouch,,,avouched
away with,,phrase,
axletree,,,
bade,,,
balm,,,
backbiting,,,
banquetings,,,
baptize,,,immerse/dip
bakemeat,,,
band,,,
barbarous,,,
bark,,,barked
Barjona,,,
base,,,lowly
became him,,phrase,
battlement,,,
baths,,,
beam,,,
beckon,,,
bedstead,,,
beeve,,,beeves
beget,,,begat
begotten,,,
behemoth,,,
behove,,,
bekah,,,
belied,,,
belly,,,
beseech,,,
beset,,,
beside himself,,phrase,
besought,,,
bestead,,,
bestir,,,
besom,,,
bestow,,,
bethink,,,
betime,,,
betimes,,,
betwixt,,,
bewail,,,
bewray,,,
billow,,,
bishoprick,,,
bide,,,
bier,,,
bittern,,,
blain,,,blains
blame,,,
blaze,,,
blast,,,
blasting,,,
boll,,,bolled
bolster,,,
bondman,,,
booth,,,
borne,,,
boss,,,bosses
bosom,,,
botch,,,
bowels,,,
bow,,,
brawler,,,
bray a fool,,phrase,
bray,,,see Samson
briars,,,
breeches,,,
breach,,,
brigandine,,,
brimstone,,,
broid,,,broided
brood,,,
brutish,,,
bruit,,,
broider,,,
buckler,,,
buffet,,,
bullock,,,
bunches of camels,,phrase,
bulrush,,,
bulwark,,,
busybody,,,
by and by,,phrase,
byword,,,
cab,,,
calker,,,
calve,,,
calve,,,
camphire,,,
carbuncle,,,
canker,,,cankered
carnal,,,
carriage,,,
careful,,,
cast angle,,phrase,
cast in the teeth,,phrase,
cankerworm,,,
casement,,,
caterpiller,,,
caul,,,
cauls,,,
celestial,,,
centurion,,,
ceiling,,,
censer,,,
Cephas,,name,"""stone"""
certify,,,
chafed,,,
chamber,,,
chambering,,,
chamberlain,,,
chamois,,,
chapiter,,,
chapmen,,,
chargeable,,,
charge,,,
charger,,,
charity,,,
chaste,,,
chastise,,,
check,,,
chide,,,chode
choler,,,
churl,,,
cieled,,,
circumspect,,,
clamour,,,
cleanness of teeth,,phrase,
cleave,,,
cleave unto,,phrase,
cleft,,,
clamorous,,,
clod,,,
cloven,,,
clout,,,
cockatrice,,,
cockle,,,
cogitation,,,
collop,,,
colt,,,
comely,,,
commend,,,
commit,,,
communicate,,,
compass,,,
compel,,,
comprehend,,,
concision,,,
concord,,,
concourse,,,
concupiscence,,,
conduit,,,
consecrate,,,
coney,,,
confectionary,,,
conference,,,
confound,,,
contemn,,,
constantly,,,
constrain,,,
contention,,,
contentious,,,
contrariwise,,,
convenient,,,
conversation,,,
convey,,,
consumption,,,
conveyed,,,
convince,,,
coping,,,
cormorant,,,
corn,,,
cotes,,,
cornet,,,
coulter,,,
countenance,,,
countervail,,,
covert,,,
cracknels,,,
crisping pin,,,
crib,,,
cruse,,,
cumbered,,,
cummin,,,
cuckow,,,
cunning,,,
curious,,,
curious arts,,,
dam,,,
dainty,,,
dale,,,
dandled,,,
dash,,,
daysman,,,
dayspring,,,
daub,,,
defer,,,
dearth,,,
defraud,,,
degree,,,
deputed,,,
derision,,,
descry,,,
despite,,,
detain,,,
device,,,
diadem,,,
disannul,,,
discomfit,,,
discover,,,
discretion,,,
disdain,,,
dismay,,,
disorderly,,,
dispensation,,,
disquiet,,,
dissembled,,,
dissembler,,,
dissimulation,,,
distaff,,,
divers,,,
divine,,,verb
doleful,,,
dote,,,
dram,,measure,
dragon,,,
draught,,,
draught house,,,
draught of fish,,,
draw,,,
dreg,,,
dropsy,,,
drove,,,
dryshod,,,
duke,,,
durst,,,
ear,,,I Samuel 8.12
earing,,,
earnest,,,
effeminate,,,
emerod,,,
emulation,,,
endamage,,,
endow,,,
endue,,,
ensample,,,
ensign,,,
enjoin,,,
enmity,,,
ensue,,,
environ,,,
ephah,,measure,
ephod,,,
epistle,,,
ere,,,
eschew,,,
espy,,,espied
euroclydon,,,
eveningtide,,,
even,,,
eventide,,,
every several,,phrase,
evermore,,,
exactor,,,
exacted,,,
excellent,,,
exhort,,,exhortation
expedient,,,
extol,,,
eye of a needle,,phrase,
eyesalve,,,
eyeservice,,,
fable,,,
fain,,,
fairs,,,
fall to the ground,,phrase,
fan,,,
fast,,,
fatling,,,
fashion,,,
feebleminded,,,
feign,,,
felloe,,,
fen,,,fens
fetched a compass,,phrase,
fet,,,
fetter,,,
fillet,,,
firebrand,,,
firkin,,measure,
firmament,,,
fitch,,,
flagon,,,
flay,,,
flowers,,,her flowers
flesh,,,
flight,,,
flixe,,,
flux,,,bloody
foal,,,
fold,,,
forbear,,,
foresaw,,,
forwardness,,,
be forward,,,see forwardness?
fords,,,
forepart,,,
fornication,,,
forswear,,,
forthwith,,,
forward,,,
foursquare,,,
founder,,,
fray,,,
fret,,,
fretting,,,
froward,,,
fuller,,,
furbish,,,
furlong,,measure,
furnish,,,
gaddest about,,phrase,
gainsay,,,
garner,,,
garner,,,
gat,,,
gall,,,
garrison,,,
gazingstock,,,
gender,,,II Tim 2.23
gier eagle,,,
gin,,,
gird,,,see girt?
girdle,,,see girt?
girt,,,
glass,,,mirror
glean,,,
glede,,,
glister,,,
gnash,,,
go to,,phrase,
goad,,,
goodly,,,
goodman,,,
grave,,,
graven,,,
grievous,,,
grisled,,,
grind,,,
gross,,,
grove,,,
guestchamber,,,
guile,,,
habergeon,,,
hale,,,
haling,,,
halt,,,
hap,,,her hap was to
haply,,,
harrow,,,
hard by,,phrase,
hardly bestead,,phrase,
haft,,,
hart,,,
hale,,,
halt,,,
hate,,,
hath,,,
haughty,,,
haunt,,,
heady,,,
heaps,,,
hearken,,,
heartily,,,
hearty,,,
heath,,,
heaviness,,,
heed,,,
hedge,,,
helm,,,
helve,,,
hence,,,
henceforth,,,
hereafter,,,
hereby,,,
herein,,,
hereof,,,
heretofore,,,
hereunto,,,
herewith,,,
hew,,,
hewn,,,
hin,,,
hind,,,
hinder end,,,
hip and thigh,,phrase,
hireling,,,
hither,,,
hitherto,,,see hither?
hoar,,,
hoarfrost,,,
hoary,,,see hoar?
holden,,,
holpen,,,
holyday,,,
horseleach,,,
hosen,,,
hosanna,,,
host,,,
hough,,,houghed
howbeit,,,
howsoever,,,
hungerbitten,,,
husbandman,,,
husbandry,,,
hyssop,,,
ignominy,,,
imperious,,,
implacable,,,
implead,,,
impotent,,,
in no wise,,phrase,
immutable,,,
impudent,,,
impute,,,
incline,,,
incontinent,,,
indite,,,inditing
infirmity,,,
inordinate,,,
insomuch,,,
instant,,,
issue,,,
intreaty,,,
jangling,,,
joined hard,,phrase,
jealous,,,
Jesurun,,name,
jot,,,
Jewry,,,
justle,,,
kin,,,
kindred,,,see kin
kite,,,
kine,,,
knop,,,
lade,,,
lasciviousness,,,
latchet,,,
ladeth,,,
languish,,,
lapwing,,,
laver,,,
league,,,
leasing,,,
lees,,,
let,,,was let
leviathan,,,
light off,,phrase,
light on,,phrase,"verb, intransitive; see Ruth 2.3"
light upon,,phrase,see light on
lentiles,,,
lest,,,
levy,,,
liberal,,,
liberality,,,
lien,,,
lign aloes,,,
likeness,,,
lintel,,,
lively,,,
listeth,,,listed
lo,,,
locust,,,
lot,,,to cast
lot,,,one's
loins,,,
longsuffering,,,
loweth,,,
lowing,,,
lowring,,,
lucre,,,
lusty,,,
lurk,,,
mammon,,,
magnifical,,,
malefactor,,,
malignity,,,
mandrake,,,
manifold,,,
marred,,,
marishes,,,
mantle,,,
marvel,,,
matter,,,
mattock,,,mattocks
matrix,,,
maul,,,
maw,,,
mean,,,city
mean,,,man
meat,,,
measure,,,
meet,,,
mess,,,
mete,,,
meteyard,,,
mildew,,,
milch,,,
mincing,,,
minish,,,
ministration,,,
mire,,,
mirth,,,
mite,,,
miry,,,
mitre,,,
mixt,,,
mollified,,,
mortify,,,
moreover,,,
morsel,,,Ps 147
mortgage,,,
mote,,,
muffler,,,
murmur,,,
munition,,,
murrain,,,
naught,,,
nave,,,
necromancer,,,
neesing,,,
nether,,,
Nehushtan,,name,
neigh,,,
nigh,,,
nitre,,,
noisome,,,
noe,,,
not a whit,,phrase,
nought,,,
obeisance,,,
odd number,,phrase,
offend,,,
offscour,,,
offscouring,,,
omnipotent,,,
oracle,,,
omer,,measure,
ordinance,,,
ospray,,,
ossifrage,,,
ouche,,,ouches
outgoings,,,
outlandish,,,
outwent,,,
overcharge,,,
overcome,,,
overlive,,,
overmuch,,,
overpast,,,
palmerworm,,,
palsy,,,
pant,,,
pap,,,paps
pare,,,
paramour,,,
parbar,,,
pangs,,,
pate,,,
patrimony,,,
peculiar,,,
peeled,,,
penury,,,
peradventure,,,
perdition,,,
pernicious,,,
phylacteries,,,
pill,,,pilled
pitch,,,
pitiful,,,
pilot,,,
pine,,,
plait,,,plaiting
plaister,,,
plat,,,
plat,,,
plummet,,,
poll,,,
polled his head,,phrase,
pommels,,,
post,,,person
pomp,,,
potsherd,,,
ponder,,,
ponder,,,
porter,,,
power,,,
pransing,,,
prating,,,
precept,,,
precious,,,
presbytery,,,
pretence,,,
prevail,,,
prevent,,,
prey,,,
pricks,,,
principalities,,,
print,,,
privily,,,
privy,,,be
profane,,,
profound,,,be
prognosticator,,,prognosticators
proselyte,,,
prove,,,
provender,,,
prudent,,,
psalm,,,
psaltery,,,
prudence,,,
publican,,,
pulse,,,
purloining,,,
purtenance,,,
putrifying,,,
pygarg,,,
quaternion,,,
quick,,,
quit,,,
quit you like men,,phrase,
rage,,,
rank,,,
raiment,,,
rampart,,,
range,,,ranging
ravin,,,noun
ravin,,,verb
ravish,,,
rebuke,,,
ravening,,,
recompense,,,
redound,,,
reed,,,
reel,,,
reins,,,
refuse,,,
remission,,,
rend,,,
render,,,
rent,,,
renown,,,
repenteth,,,
reproach,,,
reproof,,,
reprobate,,,
reputation,,,
require,,,II Chron. 24
requite,,,
rereward,,,
residue,,,
resort,,,
ribband,,,
rie,,,
ringstraked,,,
road,,,
rover,,,
rude,,,
ruddy,,,
rue,,,
rudiment,,,
sabbath,,,
sackbut,,,
sacrilege,,,
salute,,,
salutation,,,
sanctify,,,
satiate,,,
satyr,,,
savor,,,spelling was savour
savorest,,,spelling was savourest
scall,,,
scab,,,
score,,,
scorn,,,
scourge,,,
scrabble,,,
scrip,,,
scum,,,
sealed,,,
seemly,,,
seethe,,,
selah,,,
selvedge,,,
sepulchre,,,
servitor,,,
set at nought,,phrase,
several,,,
shall,,,
shalt,,,
shambles,,,
shamefast,,,
share,,,
sheaf,,,
sherd,,,
sheepcote,,,
shekel,,,
signet,,,
single,,,
Shiloh,,name,
shipping,,,
shivers,,,
shock,,,of corn
shod,,,
shuttle,,,
simple,,,
simplicity,,,
sith,,,
slack,,,
sleight,,,
slow bellies,,phrase,
sluice,,,sluices
smart,,,
smite,,,
sod,,,sodden
sodering,,,
soever,,,
sojourn,,,
somewhat,,,
sop,,,
sore,,,
soothsayer,,,
sottish,,,
sounding brass,,phrase,
soundness,,,
specially,,,
spikenard,,,
spoil,,,
spite,,,
spindle,,,
sporting,,,
spue,,,
stablish,,,
stanch,,,stanched
standard,,,
statute,,,
stay,,,"""stay of bread"""
stayed,,,
staves,,,
stay him,,phrase,
my stay,,,see stay him
steal away,,phrase,
stedfast,,,
stock,,,
stomacher,,,
stonesquarers,,,
store,,,
stout,,,
stouthearted,,,
strait,,,
in a strait,,phrase,
straiten,,,straitened
straitly,,,
straightway,,,
straitness,,,
strife,,,
strowed,,,
strawed,,,see strowed
stripling,,,
suborn,,,
subtil,,,
subtilty,,,
succour,,,
suffer,,,
suffered not,,phrase,
sunder,,,in
sundry,,,
sup,,,
sup up,,phrase,
suppliant,,,
superfluous,,,
supplication,,,
suretiship,,,
surety,,,
surfeiting,,,
surmisings,,,
swaddling,,,
swaddling clothes,,,
swaddlingband,,,
sycamire,,,
sycomore,,,
taches,,,
tablets,,,
tale,,,
talent,,,
tales,,,
tare,,,
target,,,
tarry,,,
tell,,,
teil,,,
temper,,,tempered
temperance,,,
tempest,,,
terrestrial,,,
testament,,,
tenor,,,
terrible,,,
thenceforth,,,
thong,,,
thence,,,
thereabout,,,
thereat,,,
thereby,,,
therefrom,,,
therein,,,
thereinto,,,
thereof,,,
thereon,,,
thereout,,,
thereto,,,
thereunto,,,
therewith,,,
thither,,,
thitherward,,,
thrice,,,
thresh,,,
threshingfloor,,,
Thummim,,,
tidings,,,
times,,,
tinkling cymbal,,phrase,
tire,,,
tired,,,
tithe,,,
tittle,,,
told out,,phrase,
token,,,
tow,,,thread of
traffic,,,spelling was traffick
translate,,,
transfigured,,,
trode,,,trodden
troubled,,,
trow,,,
trusty,,,
twain,,,
unction,,,
undersetter,,,
unicorn,,,
unlade,,,
untoward,,,
upbraid,,,
unseemly,,,
upbraid,,,
uprightly,,,
usury,,,
uttermost,,,
utter court,,,
utter gate,,,
Urim,,,
vainglory,,,
valor,,,spelling was valour
variance,,,
vaunt oneself,,phrase,
vaunteth,,,
vehement,,,
vein,,,
vent,,,
verily,,,
verity,,,
vestments,,,
vestry,,,
vesture,,,
vex,,,
victual,,,victuals
villany,,,
vile,,,
vinegar,,,
vocation,,,
visage,,,
want,,,
wanton,,,
ward,,,
wast,,,
watercourse,,,
waterflood,,,
wax,,,
waxeth,,,see wax
waymark,,,
wen,,,
wert,,,
whence,,,
whereabout,,,
whereas,,,
whereby,,,
wherein,,,
whereinsoever,,,
whereinto,,,
whereof,,,
whereon,,,
whereto,,,
whereunto,,,
whereupon,,,
wherefore,,,
wherewith,,,
wherewithal,,,
whelp,,,
whether,,,
whether is,,phrase,
whit,,,
whither,,,
wholesome,,,
whom,,,who vs whom
wilily,,,
wilt,,,
wimple,,,
wines on the lees,,phrase,
wink,,,
wist,,,
wit,,,
withal,,,
withered,,,
without,,,
withs,,,Samson's
withstand,,,
withstood,,,
wont,,,
wormwood,,,
wot,,,see wist
wound,,,not hurt
wreathen,,,
wrest,,,
wrought,,,
yokefellow,,,
zeal,,,
